{
    "table_pose": [
        2.0, 
        -1.0
    ], 
    "table_size": [
        0.8, 
        0.8
    ], 
    "chair_num": 2, 
    "chair_poses": [
        [
            1.1811577530914121, 
            -0.0698401576958293
        ], 
        [
            0.5811577530914107, 
            -0.16984015769582927
        ], 
        [
            1.9592493492191956, 
            -1.7943263423752067
        ]
    ], 
    "chair_oriens": [
        -1.0052939525745814, 
        -1.0052939525745814, 
        -1.5044701979190864
    ]
}