{
    "chair_oriens": [
        2.384141694220596, 
        -1.541191713663419, 
        -1.541191713663419
    ], 
    "table_pose": [
        2.0, 
        -1.0
    ], 
    "chair_num": 2, 
    "chair_poses": [
        [
            2.582877291828776, 
            -2.0341239152795323
        ], 
        [
            1.365669524814109, 
            -0.32180246323635087
        ], 
        [
            0.7656695248141077, 
            -0.42180246323635084
        ]
    ], 
    "table_size": [
        0.8, 
        0.8
    ]
}