{
    "table_pose": [
        2.0, 
        -1.0
    ], 
    "table_size": [
        0.8, 
        0.8
    ], 
    "chair_num": 2, 
    "chair_poses": [
        [
            2.2475321955061816, 
            -1.909082673981508
        ], 
        [
            1.2942130188234486, 
            -1.5807824934199481
        ], 
        [
            0.6942130188234472, 
            -1.480782493419948
        ]
    ], 
    "chair_oriens": [
        -0.41091872845164046, 
        -0.1613607456994317, 
        -0.1613607456994317
    ]
}