{
    "table_pose": [
        2.0, 
        2.0
    ], 
    "table_size": [
        1.6, 
        0.8
    ], 
    "chair_num": 3, 
    "chair_poses": [
        [
            2.186362361577885, 
            2.855067300280916
        ], 
        [
            1.3404834827298977, 
            1.335086297166658
        ], 
        [
            3.197227477910374, 
            0.9276187136827944
        ]
    ], 
    "chair_oriens": [
        -0.12671415941867537, 
        2.5233015465505053, 
        0.9917727298011343
    ]
}