{
    "table_pose": [
        2.0, 
        2.0
    ], 
    "table_size": [
        1.6, 
        0.8
    ], 
    "chair_num": 3, 
    "chair_poses": [
        [
            1.6526800169021207, 
            1.0198662037629789
        ], 
        [
            0.8085418920283907, 
            1.2539316860622551
        ], 
        [
            0.6085418920283914, 
            1.3539316860622552
        ], 
        [
            3.1202189410956507, 
            1.7250271944412805
        ]
    ], 
    "chair_oriens": [
        0.12009153678375473, 
        -0.09833335292657752, 
        -0.09833335292657752, 
        0.11712473303240944
    ]
}