{
    "chair_oriens": [
        2.433697218975901, 
        2.607678811622036, 
        -0.5275771018264734
    ], 
    "table_pose": [
        2.0, 
        2.0
    ], 
    "chair_num": 3, 
    "chair_poses": [
        [
            2.6183465803716466, 
            2.5021272818271165
        ], 
        [
            0.6016481281274295, 
            1.9495471616079274
        ], 
        [
            2.634730902105609, 
            1.1111058490240024
        ]
    ], 
    "table_size": [
        0.8, 
        0.8
    ]
}