{
    "table_pose": [
        2.0, 
        2.0
    ], 
    "table_size": [
        1.6, 
        0.8
    ], 
    "chair_num": 3, 
    "chair_poses": [
        [
            1.4424160168723539, 
            2.6897935732161105
        ], 
        [
            2.3105214272886627, 
            1.367590916252321
        ], 
        [
            1.4637987190529884, 
            1.4376358240097074
        ]
    ], 
    "chair_oriens": [
        2.5676441876785345, 
        1.2226040467822017, 
        -1.8827896015431032
    ]
}