{
    "table_pose": [
        2.0, 
        2.0
    ], 
    "table_size": [
        1.6, 
        0.8
    ], 
    "chair_num": 3, 
    "chair_poses": [
        [
            3.3110869753108183, 
            1.95449204344781
        ], 
        [
            2.176983262529678, 
            2.683704014848393
        ], 
        [
            1.133868305214694, 
            2.0319089520782203
        ]
    ], 
    "chair_oriens": [
        -1.4992554219029792, 
        -0.2565792215294511, 
        -3.0708458464710935
    ]
}