{
    "chair_oriens": [
        1.6602374257156036, 
        -2.6646494708106094, 
        -0.804670242563625, 
        -0.804670242563625
    ], 
    "table_pose": [
        2.0, 
        2.0
    ], 
    "chair_num": 3, 
    "chair_poses": [
        [
            3.2111476985754592, 
            0.9372184623819989
        ], 
        [
            0.3390967921947059, 
            2.139962811234178
        ], 
        [
            1.3105313916768715, 
            2.7313792629593037
        ], 
        [
            0.7105313916768701, 
            2.6313792629593036
        ]
    ], 
    "table_size": [
        0.8, 
        0.8
    ]
}