{
    "table_pose": [
        2.0, 
        2.0
    ], 
    "table_size": [
        1.6, 
        0.8
    ], 
    "chair_num": 3, 
    "chair_poses": [
        [
            1.2872581497533346, 
            3.0055517175984146
        ], 
        [
            2.795846725706877, 
            2.6504509660747475
        ], 
        [
            1.0289744042127182, 
            1.0163422517174894
        ], 
        [
            0.828974404212719, 
            1.1163422517174895
        ]
    ], 
    "chair_oriens": [
        -1.9001213947478683, 
        2.889906747908787, 
        -1.893178237707975, 
        -1.893178237707975
    ]
}