{
    "table_pose": [
        2.0, 
        -1.0
    ], 
    "table_size": [
        0.8, 
        0.8
    ], 
    "chair_num": 2, 
    "chair_poses": [
        [
            2.622689237720998, 
            -0.050977780993851085
        ], 
        [
            1.5099317522677254, 
            -1.7376773439962108
        ], 
        [
            0.9099317522677239, 
            -1.6376773439962107
        ]
    ], 
    "chair_oriens": [
        2.578296015305794, 
        -0.13573801130221863, 
        -0.13573801130221863
    ]
}