{
    "table_pose": [
        2.0, 
        2.0
    ], 
    "table_size": [
        1.6, 
        0.8
    ], 
    "chair_num": 3, 
    "chair_poses": [
        [
            2.9619587082459446, 
            2.1144540546653854
        ], 
        [
            1.270539398742958, 
            3.018895674000285
        ], 
        [
            0.6838033905464336, 
            1.7639378094464366
        ]
    ], 
    "chair_oriens": [
        -1.345741853855348, 
        -0.4797104100992473, 
        -3.004661256050837
    ]
}