{
    "table_pose": [
        2.0, 
        -1.0
    ], 
    "table_size": [
        0.8, 
        0.8
    ], 
    "chair_num": 2, 
    "chair_poses": [
        [
            2.1809151055626437, 
            -0.024572464370053893
        ], 
        [
            1.1257442221378042, 
            -2.0982924407292316
        ], 
        [
            0.5257442221378028, 
            -1.9982924407292317
        ]
    ], 
    "chair_oriens": [
        -0.6006940695576786, 
        1.009775925422793, 
        1.009775925422793
    ]
}