{
    "table_pose": [
        2.0, 
        -1.0
    ], 
    "table_size": [
        0.8, 
        0.8
    ], 
    "chair_num": 2, 
    "chair_poses": [
        [
            1.488317703820492, 
            -1.5884791867105927
        ], 
        [
            0.8883177038204906, 
            -1.4884791867105929
        ], 
        [
            3.2593740568952008, 
            -1.2289705677267801
        ]
    ], 
    "chair_oriens": [
        1.3530977259860535, 
        1.3530977259860535, 
        -0.24838357819707513
    ]
}