{
    "table_pose": [
        2.0, 
        -1.0
    ], 
    "table_size": [
        0.8, 
        0.8
    ], 
    "chair_num": 2, 
    "chair_poses": [
        [
            2.6360760255661404, 
            -0.014379012500721822
        ], 
        [
            1.7570673829084953, 
            -2.0928066724642127
        ]
    ], 
    "chair_oriens": [
        2.9253439294184815, 
        -2.0741397744657926
    ]
}