{
    "table_pose": [
        2.0, 
        -1.0
    ], 
    "table_size": [
        0.8, 
        0.8
    ], 
    "chair_num": 2, 
    "chair_poses": [
        [
            1.704577766412413, 
            -2.0665262494174157
        ], 
        [
            3.451727074394043, 
            -1.1461507949668224
        ]
    ], 
    "chair_oriens": [
        -1.2805287288607121, 
        2.735907099898295
    ]
}