{
    "table_pose": [
        2.0, 
        -1.0
    ], 
    "table_size": [
        0.8, 
        0.8
    ], 
    "chair_num": 2, 
    "chair_poses": [
        [
            1.6915860236884512, 
            -1.969638427146267
        ], 
        [
            2.664903193153627, 
            -0.030653387462141413
        ]
    ], 
    "chair_oriens": [
        -0.20543324020523857, 
        -0.6280965184737966
    ]
}