{
    "table_pose": [
        2.0, 
        2.0
    ], 
    "table_size": [
        1.6, 
        0.8
    ], 
    "chair_num": 3, 
    "chair_poses": [
        [
            2.0815110674816673, 
            2.8752582920365444
        ], 
        [
            0.6389984422221779, 
            1.9545019411292703
        ], 
        [
            2.2456471315384547, 
            1.131473525757814
        ]
    ], 
    "chair_oriens": [
        0.7928261309986953, 
        3.13652559895878, 
        -1.3274895522406878
    ]
}