{
    "table_pose": [
        2.0, 
        -1.0
    ], 
    "table_size": [
        0.8, 
        0.8
    ], 
    "chair_num": 2, 
    "chair_poses": [
        [
            3.575286365215568, 
            -0.9083562025461771
        ], 
        [
            2.596342722939397, 
            -1.7286062259076047
        ]
    ], 
    "chair_oriens": [
        -1.0804398943815148, 
        0.32361375667410197
    ]
}