{
    "table_pose": [
        2.0, 
        2.0
    ], 
    "table_size": [
        1.6, 
        0.8
    ], 
    "chair_num": 3, 
    "chair_poses": [
        [
            2.5433290937816437, 
            2.831884798426444
        ], 
        [
            2.9118794350231596, 
            1.9267450227400862
        ], 
        [
            0.8931064153471908, 
            1.445985241349335
        ], 
        [
            0.6931064153471915, 
            1.545985241349335
        ]
    ], 
    "chair_oriens": [
        -1.7182255023583295, 
        -1.0268565496916597, 
        0.300239104721888, 
        0.300239104721888
    ]
}