{
    "table_pose": [
        2.0, 
        2.0
    ], 
    "table_size": [
        0.8, 
        0.8
    ], 
    "chair_num": 3, 
    "chair_poses": [
        [
            2.6183465803716466, 
            2.4021272818271164
        ], 
        [
            1.2016481281274318, 
            1.9495471616079274
        ], 
        [
            2.63473090210561, 
            1.2111058490240023
        ]
    ], 
    "chair_oriens": [
        2.433697218975901, 
        2.607678811622036, 
        -0.5275771018264734
    ]
}