{
    "table_size": [
        1.6, 
        0.8
    ], 
    "chair_oriens": [
        -0.12671415941867537, 
        2.5233015465505053, 
        0.9917727298011343
    ], 
    "chair_num": 3, 
    "chair_poses": [
        [
            2.1863623615778844, 
            2.755067300280916
        ], 
        [
            1.3404834827298981, 
            1.4350862971666578
        ], 
        [
            3.197227477910375, 
            1.0276187136827943
        ]
    ], 
    "table_pose": [
        2.0, 
        2.0
    ]
}