{
    "table_size": [
        0.8, 
        0.8
    ], 
    "chair_oriens": [
        -1.0804398943815148, 
        0.32361375667410197
    ], 
    "chair_num": 2, 
    "chair_poses": [
        [
            2.975286365215566, 
            -0.9083562025461771
        ], 
        [
            2.596342722939399, 
            -1.6286062259076046
        ]
    ], 
    "table_pose": [
        2.0, 
        -1.0
    ]
}