{
    "chair_oriens": [
        2.02924623372329, 
        2.342145707399334, 
        1.2070398059556595, 
        -1.2204218028108753
    ], 
    "table_pose": [
        -2.0, 
        3.0
    ], 
    "chair_num": 4, 
    "chair_poses": [
        [
            -3.41928489199813, 
            3.673295389949711
        ], 
        [
            -2.5074849015263396, 
            2.647427815012129
        ], 
        [
            -1.5319956763381763, 
            3.6823520195613555
        ], 
        [
            -0.9975949354166418, 
            2.911138529756622
        ]
    ], 
    "table_size": [
        2.0, 
        1.0
    ]
}