{
    "chair_oriens": [
        1.5924633536182524, 
        -1.7662843963419719, 
        3.0178230619091133, 
        -1.6672518076656588
    ], 
    "table_pose": [
        -2.0, 
        3.0
    ], 
    "chair_num": 4, 
    "chair_poses": [
        [
            -1.3293628059332514, 
            2.707301990969733
        ], 
        [
            -3.114201458893219, 
            3.965180183294252
        ], 
        [
            -1.8617566460076347, 
            3.764413228662084
        ], 
        [
            -0.6608241521367701, 
            3.9560865888131413
        ]
    ], 
    "table_size": [
        2.0, 
        1.0
    ]
}