{
    "table_pose": [
        2.0, 
        2.0
    ], 
    "table_size": [
        0.8, 
        0.8
    ], 
    "chair_num": 3, 
    "chair_poses": [
        [
            3.2111476985754606, 
            1.0372184623819989
        ], 
        [
            0.939096792194709, 
            2.139962811234178
        ], 
        [
            1.310531391676872, 
            2.6313792629593036
        ]
    ], 
    "chair_oriens": [
        1.6602374257156036, 
        -2.6646494708106094, 
        -0.804670242563625
    ]
}