{
    "chair_oriens": [
        -1.0925466092944602, 
        2.3347263260251303, 
        -2.4542539143110673, 
        -0.8414353014997125
    ], 
    "table_pose": [
        -2.0, 
        3.0
    ], 
    "chair_num": 4, 
    "chair_poses": [
        [
            -2.420901765460658, 
            2.327419888154997
        ], 
        [
            -1.059874430716644, 
            3.668118937789269
        ], 
        [
            -3.2577009219473996, 
            2.3160984732643355
        ], 
        [
            -1.0582546687708758, 
            2.2763532660103163
        ]
    ], 
    "table_size": [
        2.0, 
        1.0
    ]
}