{
    "chair_oriens": [
        -2.842265615984031, 
        -0.2818005107764492, 
        -2.3949266025420672, 
        1.0048525728726023
    ], 
    "table_pose": [
        -2.0, 
        3.0
    ], 
    "chair_num": 4, 
    "chair_poses": [
        [
            -1.254020589065414, 
            3.252831518746275
        ], 
        [
            -2.496336614776994, 
            2.470133745006878
        ], 
        [
            -1.3069895136369896, 
            2.38055151507349
        ], 
        [
            -2.6157569489682984, 
            3.171076474910754
        ]
    ], 
    "table_size": [
        2.0, 
        1.0
    ]
}