{
    "table_size": [
        1.6, 
        0.8
    ], 
    "chair_oriens": [
        2.5676441876785345, 
        1.2226040467822017, 
        -1.8827896015431032
    ], 
    "chair_num": 3, 
    "chair_poses": [
        [
            1.4424160168723543, 
            2.5897935732161104
        ], 
        [
            2.310521427288661, 
            1.4675909162523209
        ], 
        [
            1.4637987190529889, 
            1.5376358240097072
        ]
    ], 
    "table_pose": [
        2.0, 
        2.0
    ]
}