{
    "table_size": [
        0.8, 
        0.8
    ], 
    "chair_oriens": [
        2.9253439294184815, 
        -2.0741397744657926
    ], 
    "chair_num": 2, 
    "chair_poses": [
        [
            2.63607602556614, 
            -0.1143790125007218
        ], 
        [
            1.7570673829084942, 
            -1.9928066724642126
        ]
    ], 
    "table_pose": [
        2.0, 
        -1.0
    ]
}