{
    "chair_oriens": [
        -2.006566839408425, 
        0.7871002976636734, 
        -0.4086606429036861, 
        -2.320206257373216
    ], 
    "table_pose": [
        -2.0, 
        3.0
    ], 
    "chair_num": 4, 
    "chair_poses": [
        [
            -1.6403243465009176, 
            2.018538101210055
        ], 
        [
            -1.6314791458494842, 
            3.5098541129545278
        ], 
        [
            -1.3579214017339072, 
            2.7359256840285555
        ], 
        [
            -3.0004386884792877, 
            3.653368149740203
        ]
    ], 
    "table_size": [
        2.0, 
        1.0
    ]
}