{
    "table_size": [
        1.6, 
        0.8
    ], 
    "chair_oriens": [
        0.7928261309986953, 
        3.13652559895878, 
        -1.3274895522406878
    ], 
    "chair_num": 3, 
    "chair_poses": [
        [
            2.081511067481668, 
            2.7752582920365443
        ], 
        [
            0.8389984422221773, 
            1.9545019411292703
        ], 
        [
            2.245647131538454, 
            1.2314735257578138
        ]
    ], 
    "table_pose": [
        2.0, 
        2.0
    ]
}