{
    "table_size": [
        0.8, 
        0.8
    ], 
    "chair_oriens": [
        -1.2805287288607121, 
        2.735907099898295
    ], 
    "chair_num": 2, 
    "chair_poses": [
        [
            1.7045777664124118, 
            -1.9665262494174158
        ], 
        [
            2.8517270743940415, 
            -1.1461507949668224
        ]
    ], 
    "table_pose": [
        2.0, 
        -1.0
    ]
}