{
    "table_pose": [
        2.0, 
        -1.0
    ], 
    "table_size": [
        0.8, 
        0.8
    ], 
    "chair_num": 2, 
    "chair_poses": [
        [
            2.582877291828776, 
            -1.9341239152795322
        ], 
        [
            1.3656695248141077, 
            -0.42180246323635084
        ]
    ], 
    "chair_oriens": [
        2.384141694220596, 
        -1.541191713663419
    ]
}