{
    "table_size": [
        1.6, 
        0.8
    ], 
    "chair_oriens": [
        -1.9001213947478683, 
        2.889906747908787, 
        -1.893178237707975
    ], 
    "chair_num": 3, 
    "chair_poses": [
        [
            1.2872581497533346, 
            2.9055517175984145
        ], 
        [
            2.795846725706877, 
            2.5504509660747474
        ], 
        [
            1.028974404212717, 
            1.1163422517174895
        ]
    ], 
    "table_pose": [
        2.0, 
        2.0
    ]
}