{
    "chair_oriens": [
        -1.2643024077579659, 
        2.571165274252465, 
        1.3404944128197878, 
        0.3905336134867605
    ], 
    "table_pose": [
        -2.0, 
        3.0
    ], 
    "chair_num": 4, 
    "chair_poses": [
        [
            -1.3754732166915842, 
            3.368813707896561
        ], 
        [
            -2.3817732308971227, 
            2.4337938918394024
        ], 
        [
            -0.8838559932851493, 
            3.9480696957594494
        ], 
        [
            -0.7479191063939159, 
            3.1798893035547358
        ]
    ], 
    "table_size": [
        2.0, 
        1.0
    ]
}