{
    "chair_oriens": [
        -2.6844806696181367, 
        -0.02398109317739161, 
        -2.3390613570350567, 
        -2.4661008074104966
    ], 
    "table_pose": [
        -2.0, 
        3.0
    ], 
    "chair_num": 4, 
    "chair_poses": [
        [
            -1.1220814933256662, 
            3.0852978109815012
        ], 
        [
            -1.4938276982349175, 
            2.279941439547712
        ], 
        [
            -2.851086432161799, 
            3.7645589866573546
        ], 
        [
            -2.173219770226756, 
            2.0315919197334136
        ]
    ], 
    "table_size": [
        2.0, 
        1.0
    ]
}