{
    "table_size": [
        0.8, 
        0.8
    ], 
    "chair_oriens": [
        -0.6006940695576786, 
        1.009775925422793
    ], 
    "chair_num": 2, 
    "chair_poses": [
        [
            2.1809151055626423, 
            -0.12457246437005387
        ], 
        [
            1.1257442221378053, 
            -1.9982924407292317
        ]
    ], 
    "table_pose": [
        2.0, 
        -1.0
    ]
}