{
    "table_size": [
        1.6, 
        0.8
    ], 
    "chair_oriens": [
        -1.4992554219029792, 
        -0.2565792215294511, 
        -3.0708458464710935
    ], 
    "chair_num": 3, 
    "chair_poses": [
        [
            3.1110869753108177, 
            1.95449204344781
        ], 
        [
            2.1769832625296788, 
            2.5837040148483927
        ], 
        [
            1.3338683052146918, 
            2.0319089520782203
        ]
    ], 
    "table_pose": [
        2.0, 
        2.0
    ]
}