{
    "table_size": [
        1.6, 
        0.8
    ], 
    "chair_oriens": [
        -1.345741853855348, 
        -0.4797104100992473, 
        -3.004661256050837
    ], 
    "chair_num": 3, 
    "chair_poses": [
        [
            2.761958708245944, 
            2.1144540546653854
        ], 
        [
            1.2705393987429596, 
            2.918895674000285
        ], 
        [
            0.883803390546432, 
            1.7639378094464366
        ]
    ], 
    "table_pose": [
        2.0, 
        2.0
    ]
}