{
    "table_size": [
        1.6, 
        0.8
    ], 
    "chair_oriens": [
        -1.7182255023583295, 
        -1.0268565496916597, 
        0.300239104721888
    ], 
    "chair_num": 3, 
    "chair_poses": [
        [
            2.5433290937816455, 
            2.731884798426444
        ], 
        [
            2.7118794350231594, 
            1.9267450227400862
        ], 
        [
            0.8931064153471897, 
            1.545985241349335
        ]
    ], 
    "table_pose": [
        2.0, 
        2.0
    ]
}