{
    "table_size": [
        0.8, 
        0.8
    ], 
    "chair_oriens": [
        1.3530977259860535, 
        -0.24838357819707513
    ], 
    "chair_num": 2, 
    "chair_poses": [
        [
            1.4883177038204918, 
            -1.4884791867105929
        ], 
        [
            2.6593740568951993, 
            -1.2289705677267801
        ]
    ], 
    "table_pose": [
        2.0, 
        -1.0
    ]
}