{
    "table_size": [
        0.8, 
        0.8
    ], 
    "chair_oriens": [
        -1.0052939525745814, 
        -1.5044701979190864
    ], 
    "chair_num": 2, 
    "chair_poses": [
        [
            1.181157753091414, 
            -0.16984015769582927
        ], 
        [
            1.9592493492191971, 
            -1.6943263423752069
        ]
    ], 
    "table_pose": [
        2.0, 
        -1.0
    ]
}