{
    "chair_oriens": [
        -2.617433872356069, 
        -1.695792691413619, 
        2.9854391318095956, 
        0.42579022155058643
    ], 
    "table_pose": [
        -2.0, 
        3.0
    ], 
    "chair_num": 4, 
    "chair_poses": [
        [
            -2.5188036942681338, 
            2.195678532818764
        ], 
        [
            -1.321676556226255, 
            3.486578731559865
        ], 
        [
            -3.1602401265310167, 
            2.9671146242586715
        ], 
        [
            -3.493547599708599, 
            3.5945878865079717
        ]
    ], 
    "table_size": [
        2.0, 
        1.0
    ]
}