{
    "chair_oriens": [
        -2.7911682918561653, 
        -1.2594721461969958, 
        -0.24472783668762998, 
        1.2456221100663063
    ], 
    "table_pose": [
        -2.0, 
        3.0
    ], 
    "chair_num": 4, 
    "chair_poses": [
        [
            -1.9246541895709288, 
            3.931133203992742
        ], 
        [
            -3.146713767181603, 
            3.216722237200515
        ], 
        [
            -2.3368005692493776, 
            2.299906136999909
        ], 
        [
            -1.1388373145297916, 
            2.0266132892830644
        ]
    ], 
    "table_size": [
        2.0, 
        1.0
    ]
}