{
    "table_size": [
        0.8, 
        0.8
    ], 
    "chair_oriens": [
        2.578296015305794, 
        -0.13573801130221863
    ], 
    "chair_num": 2, 
    "chair_poses": [
        [
            2.6226892377209965, 
            -0.15097778099385106
        ], 
        [
            1.509931752267724, 
            -1.6376773439962107
        ]
    ], 
    "table_pose": [
        2.0, 
        -1.0
    ]
}