{
    "chair_oriens": [
        1.669806469140756, 
        -0.2924762533725249, 
        0.4136408029417309, 
        -0.8275067294348806
    ], 
    "table_pose": [
        -2.0, 
        3.0
    ], 
    "chair_num": 4, 
    "chair_poses": [
        [
            -1.2574063621475675, 
            2.6526336360039546
        ], 
        [
            -2.3090526953647488, 
            3.7380564716862947
        ], 
        [
            -2.1856673589456177, 
            2.001172687438519
        ], 
        [
            -3.273375159856288, 
            3.738257408050479
        ]
    ], 
    "table_size": [
        2.0, 
        1.0
    ]
}