{
    "table_size": [
        0.8, 
        0.8
    ], 
    "chair_oriens": [
        -0.41091872845164046, 
        -0.1613607456994317
    ], 
    "chair_num": 2, 
    "chair_poses": [
        [
            2.247532195506183, 
            -1.809082673981508
        ], 
        [
            1.2942130188234495, 
            -1.480782493419948
        ]
    ], 
    "table_pose": [
        2.0, 
        -1.0
    ]
}