{
    "table_size": [
        0.8, 
        0.8
    ], 
    "chair_oriens": [
        -0.20543324020523857, 
        -0.6280965184737966
    ], 
    "chair_num": 2, 
    "chair_poses": [
        [
            1.6915860236884501, 
            -1.869638427146267
        ], 
        [
            2.664903193153628, 
            -0.1306533874621414
        ]
    ], 
    "table_pose": [
        2.0, 
        -1.0
    ]
}