{
    "table_size": [
        1.6, 
        0.8
    ], 
    "chair_oriens": [
        0.12009153678375473, 
        -0.09833335292657752, 
        0.11712473303240944
    ], 
    "chair_num": 3, 
    "chair_poses": [
        [
            1.6526800169021216, 
            1.119866203762979
        ], 
        [
            0.8085418920283914, 
            1.3539316860622552
        ], 
        [
            2.92021894109565, 
            1.7250271944412805
        ]
    ], 
    "table_pose": [
        2.0, 
        2.0
    ]
}